{
    "Tmax_vector": [
        656.74,
        654.37,
        657.8100000000001,
        653.62,
        661.98,
        657.85,
        665.9399999999999,
        661.93,
        760.6,
        758.66,
        744.41,
        741.96,
        843.1700000000001,
        841.25
    ],
    "Tmin_vector": [
        571.4,
        575.14,
        571.22,
        577.47,
        571.56,
        577.4,
        572.13,
        577.53,
        656.83,
        658.52,
        692.18,
        693.38,
        738.82,
        740.53
    ],
    "data-set-number": 2,
    "distance_matrix": [
        [
            22150.72380307244,
            0.0,
            49645.87234604706,
            24247.949604038688,
            68299.48301414879,
            48902.022667779296,
            89461.93412284355,
            73571.85959998565,
            735087.4954241841,
            725162.4922967266,
            910221.5794069046,
            901700.108981362,
            1269538.8180414177,
            1258085.1257820355
        ],
        [
            0.0,
            22150.72380307244,
            31900.610213599364,
            28516.38870895121,
            54399.082538219336,
            47781.78809965152,
            77800.15523120761,
            70503.09927939338,
            719094.7335921742,
            709347.2661010261,
            897468.7907381515,
            889144.2245687704,
            1250696.7920823176,
            1239298.5053331582
        ],
        [
            28516.38870895121,
            24247.949604038688,
            37747.86665495151,
            0.0,
            49507.55716049823,
            24676.34958821908,
            67965.08992858024,
            49353.657139061135,
            714759.1433797822,
            704686.3487325407,
            887692.1776122622,
            879075.6391966507,
            1252280.7447573408,
            1240748.3408757797
        ],
        [
            31900.610213599364,
            49645.87234604706,
            0.0,
            37747.86665495151,
            24208.912098646648,
            38287.45854715353,
            48345.37299473446,
            52195.75756706669,
            687240.5549878441,
            677474.673891947,
            865891.2629452961,
            857619.528742204,
            1219974.6526567673,
            1208535.0954941276
        ],
        [
            47781.78809965152,
            48902.022667779296,
            38287.45854715353,
            24676.34958821908,
            36054.14440809822,
            0.0,
            47755.775106263325,
            24677.30799742954,
            693521.0422950409,
            683306.9353672623,
            864330.7275996845,
            855628.6498627778,
            1233923.216436501,
            1222315.582394743
        ],
        [
            54399.082538219336,
            68299.48301414879,
            24208.912098646648,
            49507.55716049823,
            0.0,
            36054.14440809822,
            24137.365659905805,
            36962.402045862764,
            666788.9222122695,
            656864.5191894596,
            843232.8251022964,
            834864.0454355427,
            1202817.0502823777,
            1191294.994886657
        ],
        [
            70503.09927939338,
            73571.85959998565,
            52195.75756706669,
            49353.657139061135,
            36962.402045862764,
            24677.30799742954,
            34049.501523517196,
            0.0,
            672513.3707458908,
            662152.5870046873,
            841041.2547247608,
            832249.6866710134,
            1215784.13312438,
            1204101.1594517299
        ],
        [
            77800.15523120761,
            89461.93412284355,
            48345.37299473446,
            67965.08992858024,
            24137.365659905805,
            47755.775106263325,
            0.0,
            34049.501523517196,
            646823.0896636266,
            636731.493329017,
            820839.4987895015,
            812366.2131391236,
            1186169.1232100928,
            1174563.861841918
        ],
        [
            709347.2661010261,
            725162.4922967266,
            677474.673891947,
            704686.3487325407,
            656864.5191894596,
            683306.9353672623,
            636731.493329017,
            662152.5870046873,
            12880.350344614078,
            0.0,
            236973.85661713826,
            235526.18545928178,
            582302.5231784591,
            569692.1905801413
        ],
        [
            719094.7335921742,
            735087.4954241841,
            687240.5549878441,
            714759.1433797822,
            666788.9222122695,
            693521.0422950409,
            646823.0896636266,
            672513.3707458908,
            0.0,
            12880.350344614078,
            235997.35952972015,
            235249.4348813616,
            569713.8438066957,
            557116.3393520244
        ],
        [
            889144.2245687704,
            901700.108981362,
            857619.528742204,
            879075.6391966507,
            834864.0454355427,
            855628.6498627778,
            812366.2131391236,
            832249.6866710134,
            235249.4348813616,
            235526.18545928178,
            12879.720998530986,
            0.0,
            569308.6904281367,
            556714.2144269355
        ],
        [
            897468.7907381515,
            910221.5794069046,
            865891.2629452961,
            887692.1776122622,
            843232.8251022964,
            864330.7275996845,
            820839.4987895015,
            841041.2547247608,
            235997.35952972015,
            236973.85661713826,
            0.0,
            12879.720998530986,
            556797.6468520678,
            544218.3374565763
        ],
        [
            1239298.5053331582,
            1258085.1257820355,
            1208535.0954941276,
            1240748.3408757797,
            1191294.994886657,
            1222315.582394743,
            1174563.861841918,
            1204101.1594517299,
            557116.3393520244,
            569692.1905801413,
            544218.3374565763,
            556714.2144269355,
            12880.052329086246,
            0.0
        ],
        [
            1250696.7920823176,
            1269538.8180414177,
            1219974.6526567673,
            1252280.7447573408,
            1202817.0502823777,
            1233923.216436501,
            1186169.1232100928,
            1215784.13312438,
            569713.8438066957,
            582302.5231784591,
            556797.6468520678,
            569308.6904281367,
            0.0,
            12880.052329086246
        ]
    ],
    "grid-number": 9,
    "instance_name": "instance_2_9_66",
    "request-number": 4,
    "request_1514": {
        "request-gain": 40000,
        "request-stereo": 0,
        "request-surface": 130.293,
        "request-type": 0
    },
    "request_1540": {
        "request-gain": 40000,
        "request-stereo": 0,
        "request-surface": 130.293,
        "request-type": 0
    },
    "request_1541": {
        "request-gain": 40000,
        "request-stereo": 0,
        "request-surface": 130.293,
        "request-type": 0
    },
    "request_2346": {
        "request-gain": 50000,
        "request-stereo": 0,
        "request-surface": 2001.51,
        "request-type": 2
    },
    "strip-number": 7,
    "strip_1": {
        "associated-request-index": 2346,
        "coordinates_0": {
            "te": 571.4,
            "tl": 660.85,
            "x": -5862187,
            "y": -221338
        },
        "coordinates_1": {
            "te": 575.14,
            "tl": 663.22,
            "x": -5841005,
            "y": -227817
        },
        "strip-acquisition-duration": 6.48,
        "strip-index": 1,
        "strip-useful-surface": 151.465,
        "twin-strip-ID": "",