{
    "Tmax0_vector": [
        669.88,
        712.69,
        710.78,
        717.59,
        718.28,
        733.04,
        798.52,
        806.72,
        810.16,
        833.3100000000001,
        840.53,
        834.34,
        855.7,
        858.38,
        895.22
    ],
    "Tmin0_vector": [
        609.62,
        612.87,
        616.05,
        618.57,
        636.17,
        626.4,
        710.62,
        708.97,
        739.86,
        744.53,
        737.75,
        747.6,
        753.16,
        778.36,
        787.88
    ],
    "data-set-number": 2,
    "distance10_matrix": [
        [
            12879.789206349613,
            237324.50042083728,
            216599.19209452282,
            260685.33090298733,
            277964.6359845079,
            380539.18858640565,
            810494.426560109,
            841092.2996704939,
            947958.5491470605,
            1047452.5868147922,
            1062044.350176112,
            1060834.1253607937,
            1165865.2796382608,
            1248661.504524745,
            1432292.2799771002
        ],
        [
            226106.92037617957,
            12879.752326811258,
            44218.923098601124,
            50135.09481391254,
            154354.6819050203,
            152505.34113269608,
            653021.9063591971,
            670799.2822364974,
            803981.0776436222,
            889093.2865863964,
            887257.0096792699,
            904209.4615264762,
            993042.6795752537,
            1096089.813780787,
            1253484.949360781
        ],
        [
            202376.71033001796,
            34558.068030490365,
            12880.3600104966,
            52034.694368277014,
            127950.69183087679,
            171738.3924228942,
            644952.7546797517,
            666093.591679878,
            793447.4278721936,
            882119.7076774784,
            884459.924049134,
            896865.400064023,
            989950.4345430634,
            1088249.2991222185,
            1252404.4954566397
        ],
        [
            246675.5796446012,
            24518.022860744706,
            39454.724140462575,
            12880.165720983561,
            124555.66091109629,
            127430.75453358973,
            615786.4713356409,
            633936.7346636413,
            766679.7819546306,
            851967.398954913,
            850787.233326876,
            867049.5217235287,
            956524.793347773,
            1058898.1030887722,
            1217465.9613824938
        ],
        [
            256169.33362524095,
            131815.3390922316,
            103357.60635773257,
            104762.99516527771,
            12879.22365672714,
            184450.25207356046,
            547853.9107033918,
            575439.6838461873,
            691156.491548043,
            785578.0432808697,
            796135.2567604326,
            799585.5975753941,
            900474.6076697555,
            989455.3525177374,
            1166178.0077784008
        ],
        [
            367392.42203670996,
            136429.32250802979,
            160037.12460551146,
            116219.82471162138,
            189294.49765378813,
            12879.849766204574,
            555955.9977669097,
            563451.8292498481,
            712188.5923889823,
            785416.1509957635,
            772412.5125326492,
            801456.8767500845,
            878203.6663428365,
            993291.2802325408,
            1132801.2864514235
        ],
        [
            786872.0276391836,
            627572.5795292525,
            619792.0656841293,
            590351.5884157508,
            523472.3543196909,
            530211.108922663,
            12880.338660143994,
            65487.53102690618,
            170236.4846500303,
            250144.97096283987,
            270429.24120738124,
            264584.7401967846,
            370131.039802122,
            455970.12848321546,
            638327.9844006528
        ],
        [
            818165.6150694675,
            645804.0136450067,
            641515.4577249094,
            608998.8566754457,
            551992.7783458766,
            537766.4182839982,
            63053.33492369773,
            12879.592734244356,
            185544.54734375785,
            235150.8002389105,
            232595.34424618218,
            251532.36744800856,
            336994.00448375935,
            442838.9730297007,
            602856.7146793673
        ],
        [
            923529.5418534266,
            778335.2974354947,
            767950.2910280066,
            741033.0431458505,
            666023.9004149926,
            686482.5425660874,
            144860.07343985437,
            163531.1686284911,
            12880.031094682963,
            127784.58763481611,
            200174.0219034428,
            135447.13938655183,
            271011.9303720779,
            313532.4721811124,
            530479.9094329587
        ],
        [
            1023568.0409088592,
            863791.3940877161,
            857062.7320657456,
            826685.8682643607,
            761092.4825394086,
            759699.9081545292,
            225416.05893325346,
            209393.15333840312,
            112108.06947316504,
            12880.175658740063,
            97088.30063916043,
            29862.724758467702,
            151575.75738224105,
            220743.5498536707,
            413219.5072863816
        ],
        [
            1039100.185859381,
            862618.599681806,
            860192.5350298036,
            826218.9101473048,
            772790.3607661007,
            747072.02093841,
            250231.59868409904,
            209506.77913614156,
            193791.36133997305,
            103313.88554303821,
            12880.184626005948,
            115574.95017952636,
            118510.49852650186,
            257992.50882341526,
            381925.10497347516
        ],
        [
            1036851.2026443331,
            878863.1584069274,
            871748.696534156,
            841720.1950036604,
            774998.5988793786,
            775729.1112011976,
            239585.35045782744,
            225774.7201304876,
            117223.41992963693,
            6892.902146411191,
            106139.0482056439,
            12880.127522660636,
            147431.6620573749,
            204937.07202212096,
            404636.7362079227
        ],
        [
            1142687.0376638565,
            968351.6551444521,
            965583.3825708684,
            931892.5239387855,
            876880.0929277617,
            852887.0802568181,
            348085.98945088265,
            313110.352086928,
            256159.1783910934,
            137492.81960160684,
            93397.59596477845,
            136050.95159167392,
            12879.872864279367,
            177008.69624117343,
            279369.84544685564
        ],
        [
            1224350.2271074236,
            1070694.5034191592,
            1063031.2147891049,
            1033513.9806408039,
            964614.8582195902,
            967580.255748328,
            430661.9913168563,
            417102.46193111833,
            289594.2086523831,
            195054.92303707692,
            233725.72451700733,
            179338.9677510161,
            157219.20120010787,
            12879.591375505668,
            271434.8818298783
        ],
        [
            1409305.4510960355,
            1229195.8602114636,
            1228414.759757062,
            1193245.2333166893,
            1142883.9895741825,
            1107932.6724566796,
            616239.8323412728,
            579674.3052715033,
            511573.6270391585,
            393443.4587815637,
            358681.34292711684,
            385517.7608061657,
            257208.22198561227,
            261557.22327054935,
            12880.382176007046
        ]
    ],
    "grid-number": 13,