{
    "Tmax0_vector": [
        801.37,
        809.3100000000001,
        817.89,
        872.54,
        876.7,
        895.22,
        903.9300000000001,
        999.71,
        1020.4000000000001,
        1048.04,
        997.86,
        1018.71,
        1046.33,
        668.95,
        716.02,
        716.95
    ],
    "Tmin0_vector": [
        709.18,
        703.31,
        728.39,
        766.69,
        769.11,
        787.88,
        801.13,
        892.05,
        916.57,
        943.86,
        893.84,
        918.5,
        945.79,
        612.23,
        620.58,
        638.4
    ],
    "data-set-number": 2,
    "distance10_matrix": [
        [
            12879.553486049119,
            271690.59888041764,
            136726.2094113634,
            534310.9760064826,
            533910.9320036442,
            656006.4752195667,
            755628.9105989791,
            1344146.0086195993,
            1520421.1853026121,
            1706472.888838554,
            1331316.607090139,
            1507545.8565264274,
            1693607.6652288747,
            944837.8952201272,
            694481.1243345639,
            695480.053410592
        ],
        [
            265083.360898039,
            12880.635426872386,
            307617.53019130754,
            450820.5838823245,
            474860.03544834134,
            603173.6424952602,
            680420.6628050033,
            1328168.67987052,
            1482182.6022680202,
            1672249.0269340868,
            1315826.214925436,
            1469570.288119966,
            1659642.9273566648,
            839614.3523314737,
            615290.8641512565,
            572924.4369277679
        ],
        [
            112342.90123100791,
            303514.21088476235,
            12879.67845095521,
            442184.97465427296,
            433878.3664807454,
            549438.0816406886,
            652574.7063333056,
            1223838.0320536701,
            1402756.7163239676,
            1587751.4458440905,
            1210984.252733701,
            1389876.849101747,
            1574875.2638177413,
            1058238.3518229718,
            810401.9895693741,
            803158.1319173703
        ],
        [
            509862.8579382891,
            425785.4601803589,
            419590.2272134088,
            12880.322045663299,
            53228.014522429825,
            167134.3264353556,
            244552.3326570409,
            891862.0344745032,
            1043997.271641071,
            1234013.3430016062,
            879672.9758069188,
            1031367.0679505914,
            1221396.6511846182,
            1265158.8107889856,
            1051272.2107351643,
            999059.7646152106
        ],
        [
            508829.7959396639,
            450477.3629673305,
            410068.3461692697,
            47125.718721309706,
            12880.464316165004,
            142155.67185307803,
            234711.89202296504,
            865634.9943538558,
            1023672.3131085455,
            1213177.0105491614,
            853264.7098995716,
            1010945.490449411,
            1200475.1037118596,
            1296009.4419231676,
            1077692.5475315305,
            1029371.7120350646
        ],
        [
            630557.8205787317,
            578516.1668588009,
            524594.2844951706,
            144026.99365049595,
            116741.75195704406,
            12880.382176007046,
            118270.27888696297,
            737549.3585550733,
            894242.7583078322,
            1083755.984643222,
            725268.139231967,
            881515.1747037597,
            1071057.2594222028,
            1420552.7794985303,
            1205248.6990575846,
            1154357.747158566
        ],
        [
            730426.4027272016,
            655070.9373533526,
            628057.5223854898,
            218841.4014257814,
            209248.30312334673,
            96228.08137440962,
            12879.5419949624,
            672931.6922310912,
            815523.8721141154,
            1005759.7923798704,
            661216.7791103006,
            803012.0175570226,
            993245.1976148689,
            1483683.6741950759,
            1277035.2512072641,
            1219323.772026528
        ],
        [
            1318480.9563812441,
            1303616.3785784529,
            1198123.428003142,
            867602.2311318706,
            840972.9610807948,
            713072.358432158,
            649677.296993669,
            12879.7333046923,
            215286.8331250195,
            381974.5500750017,
            0.0,
            203689.64793528413,
            369187.166190809,
            2143358.504118711,
            1930516.7372247772,
            1877973.8043013273
        ],
        [
            1494666.962688344,
            1457021.4173916595,
            1377000.1107487248,
            1018776.0825191176,
            998236.4673608153,
            868803.8621299977,
            790555.159556245,
            192317.25260620794,
            12879.878299114476,
            202752.5339249796,
            203689.64793528413,
            0.0,
            190237.9234222241,
            2283014.2608004007,
            2080008.8542621639,
            2020306.0040464168
        ],
        [
            1680736.009044847,
            1647108.682748652,
            1561996.0771455222,
            1208827.12391847,
            1187798.4748116997,
            1058382.269394192,
            980792.0068256062,
            356419.6741511332,
            177784.8876282796,
            12880.531083771351,
            369187.166190809,
            190237.9234222241,
            0.0,
            2472830.5170799717,
            2270246.774553154,
            2210348.907475469
        ],
        [
            1331309.4506785416,
            1315947.3551080986,
            1210976.7380177043,
            879770.0095621583,
            853327.0494605219,
            725331.3871121254,
            661345.857639556,
            0.0,
            203747.665274967,
            369199.93334912724,
            12879.7333046923,
            192317.25260620794,
            356419.6741511332,
            2155344.6717042727,
            1942793.1369770174,
            1890026.02551076
        ],
        [
            1507542.2621515458,
            1469628.5651024207,
            1389879.9743751257,
            1031399.6378833958,
            1010959.1857498501,
            881526.7828086677,
            803054.5445796319,
            203747.665274967,
            0.0,
            190246.65704290313,
            215286.8331250195,
            12879.878299114476,
            177784.8876282796,
            2295249.150679943,
            2092493.323358046,
            2032626.4368124802
        ],
        [
            1693601.06592816,
            1659710.0502428128,
            1574872.2355115034,
            1221437.8387990114,
            1200496.3147798497,
            1071076.3787914473,
            993296.5062145342,
            369199.93334912724,
            190246.65704290313,
            0.0,
            381974.5500750017,
            202752.5339249796,
            12880.531083771351,
            2485097.0553845577,
            2282739.673937876,
            2222694.2502568816
        ],
        [
            945821.3911939188,
            840071.6142627365,
            1059203.1783232149,
            1265589.1066096453,
            1296496.3908168045,
            1421021.5058823002,
            1484061.1511891955,
            2143871.3050558795,
            2283410.4146475727,
            2473231.8405982484,
            2131898.0795047404,
            2271184.515741511,
            2460973.303878772,
            12879.789206349613,
            246675.5796446012,
            256169.33362524095
        ],
        [
            695085.9210212792,
            615437.4656193755,
            810994.4862278658,
